ImageID,NAME_2,mean,start_dt
20180711T180656_20180718T190811,Lima,1.3282747447239664e-4,2018-07-11T18:06:56Z
20180712T174753_20180719T105625,Lima,1.0510284243477267e-4,2018-07-12T17:47:53Z
20180713T172849_20180719T201407,Lima,1.2457680877148356e-4,2018-07-13T17:28:49Z
20180714T185115_20180720T204318,Lima,8.556128139770683e-5,2018-07-14T18:51:15Z
20180715T183211_20180721T202014,Lima,5.6010134336388104e-5,2018-07-15T18:32:11Z
20180716T181307_20180722T200431,Lima,9.970016780250552e-5,2018-07-16T18:13:07Z
20180717T175402_20180723T193754,Lima,1.4466409575472606e-4,2018-07-17T17:54:02Z
20180718T173458_20180724T193016,Lima,8.79455495576527e-5,2018-07-18T17:34:58Z
20180719T171554_20180725T185631,Lima,9.779727429814179e-5,2018-07-19T17:15:54Z
20180720T183819_20180726T202718,Lima,1.0765965655685758e-4,2018-07-20T18:38:19Z
20180721T181914_20180727T200538,Lima,1.0108865143636811e-4,2018-07-21T18:19:14Z
20180722T180010_20180728T195116,Lima,6.12264157274125e-5,2018-07-22T18:00:10Z
20180723T174105_20180729T195219,Lima,8.93067154895266e-5,2018-07-23T17:41:05Z
20180724T172200_20180730T190909,Lima,8.252099137270125e-5,2018-07-24T17:22:00Z
20180725T184425_20180731T203225,Lima,1.0003387951654482e-4,2018-07-25T18:44:25Z
20180726T182520_20180801T200218,Lima,1.0419254104006547e-4,2018-07-26T18:25:20Z
20180727T180615_20180803T111512,Lima,1.0149376064774862e-4,2018-07-27T18:06:15Z
20180728T174710_20180803T195211,Lima,7.900664916465855e-5,2018-07-28T17:47:10Z
20180729T172805_20180804T185352,Lima,5.502489088538465e-5,2018-07-29T17:28:05Z
20180730T185029_20180805T203721,Lima,9.666750747250895e-5,2018-07-30T18:50:29Z
20180731T183124_20180806T201722,Lima,1.125191433251647e-4,2018-07-31T18:31:24Z
20180801T181218_20180808T115538,Lima,1.1778274322134224e-4,2018-08-01T18:12:18Z
20180802T175313_20180808T214252,Lima,1.0962565993809966e-4,2018-08-02T17:53:13Z
20180803T173407_20180809T190038,Lima,9.486332177528959e-5,2018-08-03T17:34:07Z
NA,NA,NA,2018-08-04T12:00:00Z
NA,NA,NA,2018-08-05T12:00:00Z
20180806T181819_20180812T200133,Lima,9.240780212759808e-5,2018-08-06T18:18:19Z
20180807T175913_20180813T193605,Lima,9.690749772447684e-5,2018-08-07T17:59:13Z
20180808T174007_20180814T193039,Lima,1.1432408821082692e-4,2018-08-08T17:40:07Z
20180809T172101_20180815T190834,Lima,9.933725645896126e-5,2018-08-09T17:21:01Z
20180810T184325_20180816T202859,Lima,1.0342389049964524e-4,2018-08-10T18:43:25Z
NA,NA,NA,2018-08-11T12:00:00Z
20180812T180512_20180818T195958,Lima,1.0967630914724559e-4,2018-08-12T18:05:12Z
20180813T174606_20180819T192235,Lima,1.03802116312069e-4,2018-08-13T17:46:06Z
20180814T172700_20180820T191524,Lima,1.0043796327026473e-4,2018-08-14T17:27:00Z
20180815T184923_20180821T210125,Lima,1.0385334176543884e-4,2018-08-15T18:49:23Z
20180816T183016_20180822T211052,Lima,1.3368416419400902e-4,2018-08-16T18:30:16Z
20180817T181110_20180823T200929,Lima,1.3157981272403978e-4,2018-08-17T18:11:10Z
20180818T175203_20180824T195325,Lima,1.0784527980915522e-4,2018-08-18T17:52:03Z
20180819T173256_20180825T191144,Lima,5.319801952615918e-5,2018-08-19T17:32:56Z
20180820T171350_20180826T185101,Lima,1.0084864246152276e-4,2018-08-20T17:13:50Z
NA,NA,NA,2018-08-21T12:00:00Z
20180822T181705_20180828T195736,Lima,1.2544229921068045e-4,2018-08-22T18:17:05Z
20180823T175759_20180829T195218,Lima,1.0366275914538277e-4,2018-08-23T17:57:59Z
20180824T173852_20180830T192932,Lima,7.673160086747437e-5,2018-08-24T17:38:52Z
20180825T171945_20180831T190726,Lima,8.435187045865233e-5,2018-08-25T17:19:45Z
20180826T184207_20180901T204245,Lima,6.288500449780255e-5,2018-08-26T18:42:07Z
20180827T182300_20180902T202548,Lima,1.4795255494342408e-4,2018-08-27T18:23:00Z
20180828T180353_20180903T195148,Lima,1.5832130728091827e-4,2018-08-28T18:03:53Z
20180829T174446_20180904T193352,Lima,1.3251714571623597e-4,2018-08-29T17:44:46Z
20180830T172538_20180905T191515,Lima,8.573543266839683e-5,2018-08-30T17:25:38Z
20180831T184800_20180906T204613,Lima,7.94216669850773e-5,2018-08-31T18:48:00Z
20180901T182853_20180907T202625,Lima,1.0277436085258513e-4,2018-09-01T18:28:53Z
20180902T180946_20180909T100816,Lima,6.325459510195808e-5,2018-09-02T18:09:46Z
20180903T175038_20180909T194315,Lima,1.305693406656712e-4,2018-09-03T17:50:38Z
20180904T173131_20180910T185837,Lima,1.0118680371460912e-4,2018-09-04T17:31:31Z
20180905T171223_20180911T210517,Lima,1.1087121689595889e-4,2018-09-05T17:12:23Z
20180906T183445_20180914T112956,Lima,9.34971338280958e-5,2018-09-06T18:34:45Z
20180907T181537_20180914T100419,Lima,9.870508575226554e-5,2018-09-07T18:15:37Z
20180908T175630_20180914T193646,Lima,1.0781775236691154e-4,2018-09-08T17:56:30Z
20180909T173722_20180915T192043,Lima,6.35134663733437e-5,2018-09-09T17:37:22Z
20180910T171814_20180916T185312,Lima,5.367876475622701e-5,2018-09-10T17:18:14Z
20180911T184036_20180917T201541,Lima,8.231445147721454e-5,2018-09-11T18:40:36Z
20180912T182128_20180918T200547,Lima,9.537373439585374e-5,2018-09-12T18:21:28Z
20180913T180220_20180919T194329,Lima,1.3499054100399877e-4,2018-09-13T18:02:20Z
20180914T174312_20180920T193145,Lima,9.947997756103649e-5,2018-09-14T17:43:12Z
20180915T172404_20180921T185851,Lima,1.020428832488449e-4,2018-09-15T17:24:04Z
20180916T184625_20180922T204735,Lima,5.9612831736466746e-5,2018-09-16T18:46:25Z
20180917T182717_20180923T195552,Lima,8.769561767766708e-5,2018-09-17T18:27:17Z
20180918T180809_20180924T200751,Lima,1.1108862215616391e-4,2018-09-18T18:08:09Z
20180919T174901_20180925T194037,Lima,1.1568184643786663e-4,2018-09-19T17:49:01Z
20180920T172953_20180926T191318,Lima,8.801814996714315e-5,2018-09-20T17:29:53Z
NA,NA,NA,2018-09-21T12:00:00Z
20180922T183306_20180928T202629,Lima,8.037679625554573e-5,2018-09-22T18:33:06Z
20180923T181358_20180929T200518,Lima,6.742671470676506e-5,2018-09-23T18:13:58Z
20180924T175450_20180930T194238,Lima,1.1076165466558568e-4,2018-09-24T17:54:50Z
20180925T173542_20181001T192124,Lima,9.88036663018515e-5,2018-09-25T17:35:42Z
NA,NA,NA,2018-09-26T12:00:00Z
20180927T183855_20181003T202515,Lima,6.641011274048731e-5,2018-09-27T18:38:55Z
20180928T181946_20181004T200627,Lima,1.0424957704646791e-4,2018-09-28T18:19:46Z
20180929T180038_20181005T195407,Lima,9.501901035358398e-5,2018-09-29T18:00:38Z
20180930T174130_20181006T193940,Lima,7.214461243501942e-5,2018-09-30T17:41:30Z
NA,NA,NA,2018-10-01T12:00:00Z
20181002T184444_20181008T204156,Lima,6.0580766784009605e-5,2018-10-02T18:44:44Z
20181003T182536_20181009T202459,Lima,7.961993065816159e-5,2018-10-03T18:25:36Z
20181004T180627_20181010T195346,Lima,9.527945750731419e-5,2018-10-04T18:06:27Z
20181005T174719_20181011T192938,Lima,1.1713557927921594e-4,2018-10-05T17:47:19Z
20181006T172810_20181012T190312,Lima,8.407875979388459e-5,2018-10-06T17:28:10Z
20181007T170902_20181013T190248,Lima,2.904046700901037e-5,2018-10-07T17:09:02Z
20181008T183123_20181014T201305,Lima,4.8224793833775256e-5,2018-10-08T18:31:23Z
20181009T181214_20181015T200237,Lima,7.24531231393569e-5,2018-10-09T18:12:14Z
20181010T175306_20181016T193728,Lima,1.0961393510083336e-4,2018-10-10T17:53:06Z
20181011T173357_20181017T192300,Lima,7.490741220674258e-5,2018-10-11T17:33:57Z
20181012T171449_20181018T185256,Lima,1.4278346258960174e-5,2018-10-12T17:14:49Z
NA,NA,NA,2018-10-13T12:00:00Z
NA,NA,NA,2018-10-14T12:00:00Z
NA,NA,NA,2018-10-15T12:00:00Z
20181016T173944_20181022T192230,Lima,1.4250343446347473e-4,2018-10-16T17:39:44Z
20181017T172036_20181024T140537,Lima,7.859205300235477e-5,2018-10-17T17:20:36Z
20181018T184257_20181024T233113,Lima,6.348384891087823e-5,2018-10-18T18:42:57Z
20181019T182348_20181025T201322,Lima,7.710135686752131e-5,2018-10-19T18:23:48Z
20181020T180440_20181026T195533,Lima,8.846325732887788e-5,2018-10-20T18:04:40Z
NA,NA,NA,2018-10-21T12:00:00Z
20181022T172623_20181028T192639,Lima,6.434282727792115e-5,2018-10-22T17:26:23Z
20181023T170715_20181029T190348,Lima,1.810983256448924e-5,2018-10-23T17:07:15Z
20181024T182936_20181030T201717,Lima,7.684252913965326e-5,2018-10-24T18:29:36Z
20181025T181028_20181031T200043,Lima,8.565872749577641e-5,2018-10-25T18:10:28Z
20181026T175120_20181101T193920,Lima,8.374590310232451e-5,2018-10-26T17:51:20Z
20181027T173212_20181102T191944,Lima,6.653530899517904e-5,2018-10-27T17:32:12Z
20181028T171304_20181103T185639,Lima,6.537129443561275e-5,2018-10-28T17:13:04Z
20181029T183525_20181104T203253,Lima,7.355853051381218e-5,2018-10-29T18:35:25Z
20181030T181617_20181105T200108,Lima,7.600559676618283e-5,2018-10-30T18:16:17Z
20181031T175709_20181106T193941,Lima,9.285296168999864e-5,2018-10-31T17:57:09Z
20181101T173802_20181107T192402,Lima,6.924396722629816e-5,2018-11-01T17:38:02Z
20181102T171854_20181108T185134,Lima,7.414746678820402e-5,2018-11-02T17:18:54Z
20181103T184116_20181109T203603,Lima,2.1371000756518254e-5,2018-11-03T18:41:16Z
20181104T182208_20181110T195730,Lima,3.2903057246096576e-5,2018-11-04T18:22:08Z
20181105T180301_20181111T194726,Lima,7.150894244628195e-5,2018-11-05T18:03:01Z
20181106T174353_20181112T192203,Lima,8.091665877242464e-5,2018-11-06T17:43:53Z
20181107T172446_20181113T191326,Lima,6.927423073119439e-5,2018-11-07T17:24:46Z
20181108T170539_20181114T185430,Lima,8.054484927384974e-5,2018-11-08T17:05:39Z
20181109T182801_20181115T202335,Lima,5.494054867087878e-5,2018-11-09T18:28:01Z
20181110T180854_20181116T200122,Lima,8.988383740057447e-5,2018-11-10T18:08:54Z
20181111T174947_20181117T194015,Lima,6.38971394672238e-5,2018-11-11T17:49:47Z
20181112T173040_20181118T191927,Lima,4.792701966629096e-5,2018-11-12T17:30:40Z
20181113T171133_20181119T190628,Lima,6.706133307537242e-5,2018-11-13T17:11:33Z
20181114T183356_20181120T203901,Lima,6.42530191615588e-5,2018-11-14T18:33:56Z
NA,NA,NA,2018-11-15T12:00:00Z
20181116T175543_20181122T195023,Lima,6.488866832363141e-5,2018-11-16T17:55:43Z
20181117T173637_20181123T192907,Lima,1.2341876661021246e-4,2018-11-17T17:36:37Z
20181118T171730_20181124T185128,Lima,5.355148539137881e-5,2018-11-18T17:17:30Z
20181119T183954_20181125T210218,Lima,5.2612007564151634e-5,2018-11-19T18:39:54Z
20181120T182048_20181126T202120,Lima,7.939208279916618e-5,2018-11-20T18:20:48Z
20181121T180142_20181127T195031,Lima,8.402982551795235e-5,2018-11-21T18:01:42Z
20181122T174236_20181128T192937,Lima,1.1666015515938906e-4,2018-11-22T17:42:36Z
20181123T172330_20181129T190034,Lima,9.708096820860618e-5,2018-11-23T17:23:30Z
NA,NA,NA,2018-11-24T12:00:00Z
20181125T182649_20181201T202502,Lima,3.761326608490434e-5,2018-11-25T18:26:49Z
20181126T180743_20181202T200511,Lima,7.927256606727535e-5,2018-11-26T18:07:43Z
20181127T174838_20181203T193833,Lima,7.473169962416837e-5,2018-11-27T17:48:38Z
20181128T172933_20181205T131600,Lima,7.21938777059824e-5,2018-11-28T17:29:33Z
20181129T171028_20181205T185243,Lima,5.99611168293326e-5,2018-11-29T17:10:28Z
20181130T183253_20181206T203245,Lima,6.287216008156858e-5,2018-11-30T18:32:53Z
20181201T181348_20181207T195919,Lima,5.7937736903167147e-5,2018-12-01T18:13:48Z
20181202T175443_20181208T195428,Lima,4.517698006030652e-5,2018-12-02T17:54:43Z
20181203T173539_20181209T193755,Lima,7.33558494115541e-5,2018-12-03T17:35:39Z
20181204T171635_20181210T190606,Lima,7.284558917373657e-5,2018-12-04T17:16:35Z
20181205T183900_20181211T202240,Lima,4.6942615990149024e-5,2018-12-05T18:39:00Z
20181206T181956_20181212T200420,Lima,5.348028362983854e-5,2018-12-06T18:19:56Z
20181207T180052_20181213T202340,Lima,7.343292519458872e-5,2018-12-07T18:00:52Z
20181208T174148_20181214T194609,Lima,3.2253614582900065e-5,2018-12-08T17:41:48Z
20181209T172245_20181217T095511,Lima,4.758740522249984e-5,2018-12-09T17:22:45Z
NA,NA,NA,2018-12-10T12:00:00Z
20181211T182608_20181217T233108,Lima,1.0960124394180704e-4,2018-12-11T18:26:08Z
20181212T180704_20181218T200210,Lima,1.1759652260556477e-4,2018-12-12T18:07:04Z
20181213T174801_20181219T194440,Lima,7.414550946397353e-5,2018-12-13T17:48:01Z
20181214T172858_20181220T193729,Lima,7.490774607352657e-5,2018-12-14T17:28:58Z
20181215T170956_20181221T190658,Lima,8.583600162483088e-5,2018-12-15T17:09:56Z
20181216T183223_20181222T203514,Lima,3.710417941162898e-5,2018-12-16T18:32:23Z
20181217T181320_20181223T232125,Lima,5.780048122647446e-5,2018-12-17T18:13:20Z
20181218T175418_20181224T200628,Lima,7.413141147197426e-5,2018-12-18T17:54:18Z
20181219T173516_20181225T192747,Lima,6.6129449107574e-5,2018-12-19T17:35:16Z
20181220T171613_20181226T185719,Lima,6.014613792507208e-5,2018-12-20T17:16:13Z
20181221T183841_20181227T213315,Lima,4.267420139026019e-5,2018-12-21T18:38:41Z
20181222T181939_20181228T203627,Lima,5.718000907112294e-5,2018-12-22T18:19:39Z
20181223T180038_20181229T201708,Lima,4.380158776340915e-5,2018-12-23T18:00:38Z
20181224T174136_20181230T193527,Lima,4.6631618066125414e-5,2018-12-24T17:41:36Z
NA,NA,NA,2018-12-25T12:00:00Z
20181226T170334_20190101T185847,Lima,3.6392254704729055e-5,2018-12-26T17:03:34Z
20181227T182602_20190102T202119,Lima,5.050585006527223e-5,2018-12-27T18:26:02Z
20181228T180701_20190103T201935,Lima,8.135652005863247e-5,2018-12-28T18:07:01Z
20181229T174800_20190104T195856,Lima,6.411354574604088e-5,2018-12-29T17:48:00Z
20181230T172900_20190105T192831,Lima,4.646024099251435e-5,2018-12-30T17:29:00Z
20181231T170959_20190106T184210,Lima,3.415928503458377e-5,2018-12-31T17:09:59Z
20190101T183229_20190107T203231,Lima,2.711178847717937e-5,2019-01-01T18:32:29Z
20190102T181328_20190108T202234,Lima,4.151381715783869e-5,2019-01-02T18:13:28Z
20190103T175428_20190109T200041,Lima,6.5610947347079e-5,2019-01-03T17:54:28Z
20190104T173528_20190110T193554,Lima,5.656580109050495e-5,2019-01-04T17:35:28Z
20190105T171628_20190111T192803,Lima,3.9582023403962275e-5,2019-01-05T17:16:28Z
NA,NA,NA,2019-01-06T12:00:00Z
20190107T181958_20190113T202854,Lima,2.8786028500183962e-5,2019-01-07T18:19:58Z
20190108T180059_20190114T200132,Lima,3.310341810841226e-5,2019-01-08T18:00:59Z
20190109T174159_20190115T193200,Lima,3.040997372212911e-5,2019-01-09T17:41:59Z
NA,NA,NA,2019-01-10T12:00:00Z
NA,NA,NA,2019-01-11T12:00:00Z
20190112T182632_20190118T203414,Lima,3.177690814482048e-6,2019-01-12T18:26:32Z
20190113T180733_20190119T201939,Lima,3.006538001197134e-5,2019-01-13T18:07:33Z
20190114T174834_20190120T200151,Lima,3.1626811168231094e-5,2019-01-14T17:48:34Z
20190115T172935_20190121T194125,Lima,3.1686172671085934e-5,2019-01-15T17:29:35Z
NA,NA,NA,2019-01-16T12:00:00Z
NA,NA,NA,2019-01-17T12:00:00Z
20190118T181410_20190124T202710,Lima,2.2775140683437022e-5,2019-01-18T18:14:10Z
20190119T175512_20190125T195348,Lima,5.9942822475366564e-5,2019-01-19T17:55:12Z
20190120T173613_20190126T193403,Lima,5.3291220043946994e-5,2019-01-20T17:36:13Z
NA,NA,NA,2019-01-21T12:00:00Z
20190122T183947_20190128T205515,Lima,4.2794276831203384e-5,2019-01-22T18:39:47Z
20190123T182050_20190129T203520,Lima,8.591005139841026e-5,2019-01-23T18:20:50Z
20190124T180152_20190130T201724,Lima,6.328943433453327e-5,2019-01-24T18:01:52Z
20190125T174254_20190131T194544,Lima,8.262384098026764e-5,2019-01-25T17:42:54Z
20190126T172357_20190201T192405,Lima,4.9216453181026875e-5,2019-01-26T17:23:57Z
20190127T170459_20190202T185712,Lima,2.01763527059029e-5,2019-01-27T17:04:59Z
NA,NA,NA,2019-01-28T12:00:00Z
20190129T180835_20190204T202134,Lima,1.8851199169152016e-5,2019-01-29T18:08:35Z
20190130T174937_20190205T195510,Lima,7.371900642860545e-5,2019-01-30T17:49:37Z
20190131T173040_20190206T194258,Lima,3.878183159018096e-5,2019-01-31T17:30:40Z
20190201T171143_20190207T185559,Lima,1.8283399176095723e-5,2019-02-01T17:11:43Z
20190202T183417_20190208T204125,Lima,2.992560252225206e-5,2019-02-02T18:34:17Z
20190203T181520_20190209T201258,Lima,3.809306199247063e-5,2019-02-03T18:15:20Z
20190204T175623_20190210T195122,Lima,1.9995407247681162e-5,2019-02-04T17:56:23Z
20190205T173726_20190211T192510,Lima,4.2517284888733934e-5,2019-02-05T17:37:26Z
NA,NA,NA,2019-02-06T12:00:00Z
20190207T184104_20190213T204200,Lima,3.300721114367859e-5,2019-02-07T18:41:04Z
NA,NA,NA,2019-02-08T12:00:00Z
20190209T180311_20190215T201616,Lima,6.082737015494233e-5,2019-02-09T18:03:11Z
20190210T174414_20190216T194547,Lima,3.601993000949392e-5,2019-02-10T17:44:14Z
NA,NA,NA,2019-02-11T12:00:00Z
NA,NA,NA,2019-02-12T12:00:00Z
20190213T182856_20190219T204135,Lima,1.4280913936449975e-5,2019-02-13T18:28:56Z
20190214T181000_20190220T200858,Lima,4.466830077153301e-5,2019-02-14T18:10:00Z
NA,NA,NA,2019-02-15T12:00:00Z
20190216T173208_20190222T194423,Lima,4.3856272023910465e-5,2019-02-16T17:32:08Z
20190217T171312_20190223T191237,Lima,1.2629357234380346e-5,2019-02-17T17:13:12Z
20190218T183547_20190224T205053,Lima,1.7869756769007365e-5,2019-02-18T18:35:47Z
20190219T181651_20190225T201638,Lima,4.2475251830137576e-5,2019-02-19T18:16:51Z
20190220T175756_20190226T200018,Lima,3.400937574380239e-5,2019-02-20T17:57:56Z
20190221T173900_20190227T194034,Lima,6.72375800673342e-5,2019-02-21T17:39:00Z
20190222T172004_20190228T192830,Lima,5.8565073038023484e-5,2019-02-22T17:20:04Z
20190223T184239_20190301T202851,Lima,4.035886287657192e-5,2019-02-23T18:42:39Z
20190224T182344_20190302T203712,Lima,1.9693390117784007e-5,2019-02-24T18:23:44Z
20190225T180448_20190303T201437,Lima,1.1624212788106563e-4,2019-02-25T18:04:48Z
NA,NA,NA,2019-02-26T12:00:00Z
NA,NA,NA,2019-02-27T12:00:00Z
NA,NA,NA,2019-02-28T12:00:00Z
NA,NA,NA,2019-03-01T12:00:00Z
20190302T181142_20190308T200704,Lima,4.546940328520291e-5,2019-03-02T18:11:42Z
20190303T175247_20190309T193921,Lima,4.581478214627495e-5,2019-03-03T17:52:47Z
20190304T173351_20190310T192126,Lima,5.579730966412334e-5,2019-03-04T17:33:51Z
20190305T171456_20190312T111555,Lima,7.117673923145685e-5,2019-03-05T17:14:56Z
20190306T183731_20190312T202633,Lima,2.3566801097806073e-5,2019-03-06T18:37:31Z
NA,NA,NA,2019-03-07T12:00:00Z
20190308T175941_20190314T200524,Lima,6.191320615142555e-5,2019-03-08T17:59:41Z
20190309T174046_20190315T192030,Lima,6.315791491245804e-5,2019-03-09T17:40:46Z
20190310T172151_20190316T185510,Lima,4.003689744795786e-5,2019-03-10T17:21:51Z
20190311T184426_20190317T204137,Lima,3.499118980340806e-5,2019-03-11T18:44:26Z
20190312T182531_20190318T203015,Lima,4.734686731415146e-5,2019-03-12T18:25:31Z
20190313T180636_20190319T200057,Lima,5.5607217772885924e-5,2019-03-13T18:06:36Z
NA,NA,NA,2019-03-14T12:00:00Z
20190315T172846_20190321T191319,Lima,7.578645629396242e-5,2019-03-15T17:28:46Z
20190316T170951_20190322T190733,Lima,7.211192278105395e-5,2019-03-16T17:09:51Z
20190317T183227_20190323T201700,Lima,3.274735450372414e-5,2019-03-17T18:32:27Z
20190318T181332_20190324T200501,Lima,5.361482847962481e-5,2019-03-18T18:13:32Z
20190319T175437_20190325T194857,Lima,6.576566695558919e-5,2019-03-19T17:54:37Z
NA,NA,NA,2019-03-20T12:00:00Z
NA,NA,NA,2019-03-21T12:00:00Z
20190322T183922_20190329T103544,Lima,3.967095498672678e-5,2019-03-22T18:39:22Z
20190323T182027_20190329T200344,Lima,5.656964360542927e-5,2019-03-23T18:20:27Z
20190324T180132_20190330T194101,Lima,5.109134014197347e-5,2019-03-24T18:01:32Z
20190325T174237_20190331T192607,Lima,9.665933887819406e-5,2019-03-25T17:42:37Z
NA,NA,NA,2019-03-26T12:00:00Z
20190327T184617_20190402T202513,Lima,4.834181193058183e-5,2019-03-27T18:46:17Z
20190328T182722_20190403T200926,Lima,3.90362686817053e-5,2019-03-28T18:27:22Z
20190329T180827_20190404T195736,Lima,1.2992053041249477e-4,2019-03-29T18:08:27Z
20190330T174932_20190405T195053,Lima,7.084984883783169e-5,2019-03-30T17:49:32Z
20190331T173037_20190406T192042,Lima,5.6052346375659544e-5,2019-03-31T17:30:37Z
20190401T171141_20190407T185548,Lima,5.141139354236657e-6,2019-04-01T17:11:41Z
NA,NA,NA,2019-04-02T12:00:00Z
20190403T181521_20190409T201145,Lima,6.921829009062338e-5,2019-04-03T18:15:21Z
20190404T175626_20190410T194633,Lima,6.540999689010394e-5,2019-04-04T17:56:26Z
20190405T173731_20190411T192549,Lima,8.486586386433276e-5,2019-04-05T17:37:31Z
20190406T171835_20190412T191108,Lima,9.131678582918677e-5,2019-04-06T17:18:35Z
20190407T184110_20190413T203403,Lima,3.2220676855658666e-5,2019-04-07T18:41:10Z
20190408T182215_20190414T202308,Lima,5.47980098807465e-5,2019-04-08T18:22:15Z
20190409T180319_20190415T195707,Lima,8.035826150623326e-5,2019-04-09T18:03:19Z
20190410T174424_20190416T193738,Lima,7.589184490762796e-5,2019-04-10T17:44:24Z
20190411T172528_20190418T091559,Lima,1.0725515108252511e-4,2019-04-11T17:25:28Z
20190412T184803_20190418T203725,Lima,5.89039914725886e-5,2019-04-12T18:48:03Z
20190413T182907_20190419T201505,Lima,6.88669524651641e-5,2019-04-13T18:29:07Z
20190414T181012_20190420T195524,Lima,8.423890170366347e-5,2019-04-14T18:10:12Z
20190415T175116_20190421T194644,Lima,1.1568087337405627e-4,2019-04-15T17:51:16Z
20190416T173220_20190422T191520,Lima,1.3261223904895614e-4,2019-04-16T17:32:20Z
20190417T171324_20190423T185147,Lima,1.1712833931125269e-4,2019-04-17T17:13:24Z
20190418T183558_20190424T202957,Lima,6.1140307038936e-5,2019-04-18T18:35:58Z
20190419T181702_20190425T201111,Lima,4.763348640868323e-5,2019-04-19T18:17:02Z
20190420T175806_20190426T194901,Lima,8.515914272946078e-5,2019-04-20T17:58:06Z
20190421T173910_20190427T192626,Lima,5.648874977814028e-5,2019-04-21T17:39:10Z
20190422T172014_20190428T191552,Lima,8.309740791190093e-5,2019-04-22T17:20:14Z
20190423T184248_20190501T100644,Lima,6.557381628724777e-5,2019-04-23T18:42:48Z
20190424T182351_20190501T012828,Lima,6.331792117490661e-5,2019-04-24T18:23:51Z
20190425T180455_20190501T194727,Lima,1.0474911021957505e-4,2019-04-25T18:04:55Z
20190426T174558_20190502T193426,Lima,1.6556497773557844e-4,2019-04-26T17:45:58Z
20190427T172702_20190503T191754,Lima,3.539230976125982e-5,2019-04-27T17:27:02Z
NA,NA,NA,2019-04-28T12:00:00Z
20190429T183039_20190505T202055,Lima,8.872403027693383e-5,2019-04-29T18:30:39Z
20190430T181142_20190506T195323,Lima,1.2093220243790317e-4,2019-04-30T18:11:42Z
20190501T175245_20190507T193200,Lima,8.700832575028923e-5,2019-05-01T17:52:45Z
20190502T173348_20190508T192249,Lima,1.1468115606099412e-4,2019-05-02T17:33:48Z
20190503T171451_20190509T185524,Lima,8.536875727225812e-5,2019-05-03T17:14:51Z
20190504T183724_20190510T203232,Lima,9.692903912563111e-5,2019-05-04T18:37:24Z
20190505T181826_20190511T200646,Lima,8.900406307431846e-5,2019-05-05T18:18:26Z
20190506T175929_20190512T200406,Lima,1.1848355094108542e-4,2019-05-06T17:59:29Z
20190507T174031_20190513T193635,Lima,6.967703290459439e-5,2019-05-07T17:40:31Z
20190508T172134_20190514T192623,Lima,1.1618842110123783e-4,2019-05-08T17:21:34Z
20190509T184406_20190515T210306,Lima,9.338112794703897e-5,2019-05-09T18:44:06Z
20190510T182508_20190516T202132,Lima,1.1014494033348211e-4,2019-05-10T18:25:08Z
20190511T180610_20190520T114310,Lima,1.0414919722695914e-4,2019-05-11T18:06:10Z
20190512T174713_20190518T195326,Lima,9.941099751866307e-5,2019-05-12T17:47:13Z
20190513T172814_20190519T194051,Lima,8.963001411756151e-5,2019-05-13T17:28:14Z
20190514T185046_20190522T124709,Lima,7.326206250065769e-5,2019-05-14T18:50:46Z
20190515T183148_20190522T134303,Lima,8.917059222331543e-5,2019-05-15T18:31:48Z
20190516T181249_20190522T205537,Lima,1.2713750972053153e-4,2019-05-16T18:12:49Z
20190517T175351_20190523T195454,Lima,1.940165413018599e-4,2019-05-17T17:53:51Z
20190518T173452_20190524T194317,Lima,1.347813076945378e-4,2019-05-18T17:34:52Z
20190519T171554_20190525T191440,Lima,5.728898020709031e-5,2019-05-19T17:15:54Z
20190520T183825_20190526T202051,Lima,8.702512440490054e-5,2019-05-20T18:38:25Z
20190521T181926_20190527T201203,Lima,1.2151715652275076e-4,2019-05-21T18:19:26Z
20190522T180027_20190528T195831,Lima,1.2999684157227815e-4,2019-05-22T18:00:27Z
20190523T174128_20190529T194248,Lima,1.2603604157344038e-4,2019-05-23T17:41:28Z
20190524T172228_20190530T190715,Lima,7.077197903837746e-5,2019-05-24T17:22:28Z
20190525T184459_20190531T204552,Lima,1.3085791215202398e-4,2019-05-25T18:44:59Z
20190526T182559_20190601T201206,Lima,5.963971212090281e-5,2019-05-26T18:25:59Z
20190527T180700_20190602T200035,Lima,1.2796325779519958e-4,2019-05-27T18:07:00Z
20190528T174800_20190603T194153,Lima,1.0703312863362302e-4,2019-05-28T17:48:00Z
20190529T172900_20190604T193536,Lima,2.4778669964386305e-5,2019-05-29T17:29:00Z
20190530T185130_20190605T204354,Lima,1.116701599939066e-4,2019-05-30T18:51:30Z
20190531T183230_20190606T202916,Lima,6.587335040205828e-5,2019-05-31T18:32:30Z
20190601T181329_20190607T200104,Lima,8.201221378145967e-5,2019-06-01T18:13:29Z
20190602T175429_20190608T195500,Lima,1.1764651876399323e-4,2019-06-02T17:54:29Z
20190603T173529_20190609T192940,Lima,9.43013533385016e-5,2019-06-03T17:35:29Z
20190604T171628_20190610T190555,Lima,5.415365818755518e-5,2019-06-04T17:16:28Z
20190605T183857_20190611T204518,Lima,7.265725909411802e-5,2019-06-05T18:38:57Z
20190606T181956_20190613T080042,Lima,1.3064799390313464e-4,2019-06-06T18:19:56Z
20190607T180055_20190613T200336,Lima,1.4129372421826656e-4,2019-06-07T18:00:55Z
20190608T174154_20190614T193829,Lima,1.757217570983953e-4,2019-06-08T17:41:54Z
20190609T172253_20190615T221136,Lima,1.0173774808812296e-4,2019-06-09T17:22:53Z
20190610T184522_20190616T203732,Lima,1.2535815389980417e-4,2019-06-10T18:45:22Z
20190611T182620_20190617T201519,Lima,1.3112448286180543e-4,2019-06-11T18:26:20Z
20190612T180719_20190619T100529,Lima,1.0466302174483037e-4,2019-06-12T18:07:19Z
20190613T174817_20190619T193125,Lima,1.894348331144817e-4,2019-06-13T17:48:17Z
20190614T172915_20190620T191204,Lima,1.0516069944654155e-4,2019-06-14T17:29:15Z
20190615T185143_20190621T205111,Lima,1.0064522947336592e-4,2019-06-15T18:51:43Z
20190616T183241_20190622T202351,Lima,8.47177925399553e-5,2019-06-16T18:32:41Z
20190617T181339_20190623T200629,Lima,1.2914645947420783e-4,2019-06-17T18:13:39Z
20190618T175437_20190624T194011,Lima,9.43828347470519e-5,2019-06-18T17:54:37Z
20190619T173534_20190625T192848,Lima,9.484433829225249e-5,2019-06-19T17:35:34Z
20190620T171632_20190626T190833,Lima,8.870280184730709e-5,2019-06-20T17:16:32Z
20190621T183859_20190627T202156,Lima,1.0304334432305903e-4,2019-06-21T18:38:59Z
20190622T181956_20190628T195812,Lima,1.3132257972276243e-4,2019-06-22T18:19:56Z
20190623T180053_20190629T193547,Lima,1.168695334152741e-4,2019-06-23T18:00:53Z
20190624T174150_20190630T192108,Lima,1.1854598695900656e-4,2019-06-24T17:41:50Z
20190625T172247_20190701T190612,Lima,7.648176722184946e-5,2019-06-25T17:22:47Z
20190626T184514_20190703T121226,Lima,1.330082632244114e-4,2019-06-26T18:45:14Z
20190627T182610_20190703T201506,Lima,2.0072079623196167e-4,2019-06-27T18:26:10Z
20190628T180707_20190704T194906,Lima,1.5328790726626596e-4,2019-06-28T18:07:07Z
20190629T174803_20190705T194117,Lima,1.1300875994338212e-4,2019-06-29T17:48:03Z
20190630T172900_20190706T190109,Lima,4.0501991562084845e-5,2019-06-30T17:29:00Z
20190701T185126_20190707T202906,Lima,7.793752737278789e-5,2019-07-01T18:51:26Z
20190702T183222_20190708T201633,Lima,1.0413376709158844e-4,2019-07-02T18:32:22Z
20190703T181318_20190709T200006,Lima,9.603901753320142e-5,2019-07-03T18:13:18Z
20190704T175414_20190710T193825,Lima,7.624980303738268e-5,2019-07-04T17:54:14Z
20190705T173510_20190711T192335,Lima,1.2015422072167432e-4,2019-07-05T17:35:10Z
20190706T171605_20190712T185545,Lima,1.0583768851829443e-4,2019-07-06T17:16:05Z
20190707T183831_20190713T202232,Lima,8.702657334896668e-5,2019-07-07T18:38:31Z
20190708T181926_20190714T200030,Lima,1.3649604684407403e-4,2019-07-08T18:19:26Z
20190709T180022_20190715T194328,Lima,1.0263880207208043e-4,2019-07-09T18:00:22Z
20190710T174117_20190716T184209,Lima,9.42569525597042e-5,2019-07-10T17:41:17Z
20190711T172213_20190717T190347,Lima,1.358016059665108e-4,2019-07-11T17:22:13Z
20190712T184439_20190718T203813,Lima,1.3152021920295428e-4,2019-07-12T18:44:39Z
20190713T182535_20190719T195420,Lima,1.0370166128857471e-4,2019-07-13T18:25:35Z
20190714T180631_20190720T195942,Lima,7.058876897893097e-5,2019-07-14T18:06:31Z
20190715T174727_20190721T192355,Lima,9.457900974906007e-5,2019-07-15T17:47:27Z
20190716T172823_20190722T185935,Lima,6.983656135165533e-5,2019-07-16T17:28:23Z
20190717T185048_20190723T205008,Lima,9.079234104953469e-5,2019-07-17T18:50:48Z
20190718T183144_20190724T201847,Lima,1.511063995043535e-4,2019-07-18T18:31:44Z
20190719T181239_20190725T195532,Lima,1.1914817971793321e-4,2019-07-19T18:12:39Z
20190720T175334_20190726T193538,Lima,1.529538839720048e-4,2019-07-20T17:53:34Z
20190721T173430_20190727T190847,Lima,9.669436142402464e-5,2019-07-21T17:34:30Z
20190722T171525_20190728T185000,Lima,5.564301850180932e-5,2019-07-22T17:15:25Z
20190723T183750_20190729T204518,Lima,7.55554552795956e-5,2019-07-23T18:37:50Z
20190724T181845_20190730T200752,Lima,1.1219817649077925e-4,2019-07-24T18:18:45Z
20190725T175940_20190731T192649,Lima,1.0141153159620905e-4,2019-07-25T17:59:40Z
20190726T174035_20190801T190950,Lima,1.0539425821281666e-4,2019-07-26T17:40:35Z
20190727T172129_20190802T185640,Lima,6.48519922806158e-5,2019-07-27T17:21:29Z
20190728T184354_20190803T203117,Lima,7.477855396975994e-5,2019-07-28T18:43:54Z
20190729T182448_20190804T202035,Lima,5.728134458672463e-5,2019-07-29T18:24:48Z
20190730T180543_20190805T194831,Lima,1.0310839592952348e-4,2019-07-30T18:05:43Z
20190731T174637_20190806T193901,Lima,1.1493814514153445e-4,2019-07-31T17:46:37Z
20190801T172732_20190807T191028,Lima,9.465699759734972e-5,2019-08-01T17:27:32Z
20190802T184956_20190808T202144,Lima,8.992916783565343e-5,2019-08-02T18:49:56Z
20190803T183050_20190809T200654,Lima,1.3669935322998882e-4,2019-08-03T18:30:50Z
20190804T181144_20190810T201410,Lima,9.47016572114102e-5,2019-08-04T18:11:44Z
20190805T175238_20190811T195151,Lima,1.2632447849013847e-4,2019-08-05T17:52:38Z
20190806T173332_20190812T200626,Lima,9.007589725398459e-5,2019-08-06T17:33:32Z
NA,NA,NA,2019-08-07T12:00:00Z
20190808T183649_20190814T210609,Lima,1.1327225064216046e-4,2019-08-08T18:36:49Z
20190809T181743_20190815T205117,Lima,1.162330762093633e-4,2019-08-09T18:17:43Z
20190810T175837_20190816T202515,Lima,1.0779264390483513e-4,2019-08-10T17:58:37Z
20190811T173931_20190817T200829,Lima,9.508991078468962e-5,2019-08-11T17:39:31Z
20190812T172024_20190818T195317,Lima,7.851016484469804e-5,2019-08-12T17:20:24Z
20190813T184247_20190819T210507,Lima,1.0167736112047929e-4,2019-08-13T18:42:47Z
20190814T182341_20190820T204122,Lima,1.702991644372736e-4,2019-08-14T18:23:41Z
20190815T180434_20190821T203638,Lima,1.3063079950241725e-4,2019-08-15T18:04:34Z
20190816T174528_20190822T200435,Lima,1.1308887043423126e-4,2019-08-16T17:45:28Z
20190817T172621_20190823T195136,Lima,9.450572915423264e-5,2019-08-17T17:26:21Z
20190818T184844_20190824T212616,Lima,7.198349766018565e-5,2019-08-18T18:48:44Z
20190819T182937_20190825T205635,Lima,1.00815606119116e-4,2019-08-19T18:29:37Z
20190820T181030_20190826T202407,Lima,1.2537576235152793e-4,2019-08-20T18:10:30Z
20190821T175123_20190827T201213,Lima,1.4486336842713687e-4,2019-08-21T17:51:23Z
20190822T173216_20190828T194835,Lima,1.0398889363293024e-4,2019-08-22T17:32:16Z
20190823T171309_20190829T192011,Lima,1.083134007297264e-4,2019-08-23T17:13:09Z
20190824T183531_20190830T205127,Lima,9.163131171351209e-5,2019-08-24T18:35:31Z
20190825T181624_20190831T204651,Lima,4.7392244916887e-5,2019-08-25T18:16:24Z
20190826T175717_20190901T200357,Lima,8.969604458527002e-5,2019-08-26T17:57:17Z
20190827T173810_20190902T193309,Lima,1.233715759770466e-4,2019-08-27T17:38:10Z
20190828T171902_20190903T192112,Lima,1.1234325245436482e-4,2019-08-28T17:19:02Z
20190829T184124_20190904T214537,Lima,1.0341092168727491e-4,2019-08-29T18:41:24Z
20190830T182217_20190905T211833,Lima,1.1404674802440966e-4,2019-08-30T18:22:17Z
20190831T180310_20190906T204332,Lima,1.1732706657380374e-4,2019-08-31T18:03:10Z
20190901T174402_20190907T200741,Lima,9.920517223760948e-5,2019-09-01T17:44:02Z
20190902T172455_20190908T193919,Lima,8.749655153844652e-5,2019-09-02T17:24:55Z
20190903T184716_20190909T210805,Lima,7.978189655317229e-5,2019-09-03T18:47:16Z
20190904T182809_20190910T205809,Lima,1.0166480365232692e-4,2019-09-04T18:28:09Z
20190905T180901_20190911T202503,Lima,1.1164583595412013e-4,2019-09-05T18:09:01Z
20190906T174953_20190912T201956,Lima,1.080288523586957e-4,2019-09-06T17:49:53Z
20190907T173045_20190913T194659,Lima,8.186152428368398e-5,2019-09-07T17:30:45Z
20190908T171138_20190914T192739,Lima,4.964877408290139e-5,2019-09-08T17:11:38Z
20190909T183359_20190915T205910,Lima,8.604096167746025e-5,2019-09-09T18:33:59Z
20190910T181451_20190916T204402,Lima,8.509512508051582e-5,2019-09-10T18:14:51Z
20190911T175543_20190917T201406,Lima,1.232785986467755e-4,2019-09-11T17:55:43Z
20190912T173635_20190918T194957,Lima,1.0741379082764798e-4,2019-09-12T17:36:35Z
20190913T171727_20190919T194332,Lima,7.409071772591953e-5,2019-09-13T17:17:27Z
20190914T183949_20190920T211530,Lima,1.0060564896353694e-4,2019-09-14T18:39:49Z
20190915T182041_20190921T210149,Lima,6.875252032317378e-5,2019-09-15T18:20:41Z
20190916T180132_20190922T202340,Lima,1.1424897464225325e-4,2019-09-16T18:01:32Z
20190917T174224_20190923T195435,Lima,9.500030063300867e-5,2019-09-17T17:42:24Z
20190918T172316_20190924T193754,Lima,6.708240462149785e-5,2019-09-18T17:23:16Z
20190919T184537_20190925T212323,Lima,1.1506472882329015e-4,2019-09-19T18:45:37Z
20190920T182629_20190926T211829,Lima,7.79457821862815e-5,2019-09-20T18:26:29Z
NA,NA,NA,2019-09-21T12:00:00Z
20190922T174812_20190928T202034,Lima,9.916954768551543e-5,2019-09-22T17:48:12Z
20190923T172904_20190929T200151,Lima,1.296919410522765e-4,2019-09-23T17:29:04Z
NA,NA,NA,2019-09-24T12:00:00Z
20190925T183217_20191001T210717,Lima,9.32318338986773e-5,2019-09-25T18:32:17Z
20190926T181308_20191002T205612,Lima,9.736447416997708e-5,2019-09-26T18:13:08Z
20190927T175400_20191003T213347,Lima,1.0314022147878076e-4,2019-09-27T17:54:00Z
NA,NA,NA,2019-09-28T12:00:00Z
20190929T171543_20191005T192507,Lima,5.62743063719531e-5,2019-09-29T17:15:43Z
20190930T183804_20191006T212302,Lima,5.2707301038163014e-5,2019-09-30T18:38:04Z
20191001T181856_20191007T210215,Lima,5.6231067494837014e-5,2019-10-01T18:18:56Z
20191002T175947_20191008T203739,Lima,1.1270896014550602e-4,2019-10-02T17:59:47Z
20191003T174039_20191009T195255,Lima,1.0097695281045533e-4,2019-10-03T17:40:39Z
20191004T172131_20191010T194907,Lima,1.0069961296502845e-4,2019-10-04T17:21:31Z
20191005T184352_20191011T211534,Lima,6.033653129618068e-5,2019-10-05T18:43:52Z
20191006T182443_20191012T205647,Lima,4.496147569734227e-5,2019-10-06T18:24:43Z
20191007T180535_20191013T202642,Lima,9.619296376510439e-5,2019-10-07T18:05:35Z
20191008T174626_20191014T200856,Lima,7.980543451791212e-5,2019-10-08T17:46:26Z
20191009T172718_20191015T194318,Lima,8.907939589690276e-5,2019-10-09T17:27:18Z
20191010T170810_20191016T190820,Lima,7.101480057579055e-5,2019-10-10T17:08:10Z
20191011T183031_20191017T210530,Lima,8.382439337364197e-5,2019-10-11T18:30:31Z
NA,NA,NA,2019-10-12T12:00:00Z
NA,NA,NA,2019-10-13T12:00:00Z
NA,NA,NA,2019-10-14T12:00:00Z
NA,NA,NA,2019-10-15T12:00:00Z
20191016T183619_20191022T210350,Lima,6.50183218328111e-5,2019-10-16T18:36:19Z
20191017T181710_20191023T203731,Lima,5.4008852134610814e-5,2019-10-17T18:17:10Z
20191018T175802_20191024T201711,Lima,4.0707143385913415e-005,2019-10-18T17:58:02Z
20191019T173854_20191025T193838,Lima,8.638912456852345e-5,2019-10-19T17:38:54Z
20191020T171946_20191026T185315,Lima,4.8637134672154425e-5,2019-10-20T17:19:46Z
20191021T184207_20191027T211544,Lima,5.5377908952068704e-5,2019-10-21T18:42:07Z
20191022T182259_20191028T205003,Lima,7.617620150361666e-5,2019-10-22T18:22:59Z
20191023T180351_20191029T204124,Lima,9.137618966414173e-5,2019-10-23T18:03:51Z
20191024T174443_20191030T201904,Lima,9.937260980095085e-5,2019-10-24T17:44:43Z
20191025T172535_20191031T193614,Lima,9.283119106240049e-5,2019-10-25T17:25:35Z
20191026T170627_20191101T191536,Lima,9.804947245015044e-5,2019-10-26T17:06:27Z
20191027T182848_20191102T210032,Lima,4.881124333210812e-5,2019-10-27T18:28:48Z
20191028T180941_20191103T203916,Lima,9.28049383374493e-5,2019-10-28T18:09:41Z
20191029T175033_20191104T195705,Lima,1.2266362782999458e-4,2019-10-29T17:50:33Z
20191030T173125_20191105T195117,Lima,2.2412210208414584e-5,2019-10-30T17:31:25Z
20191031T171217_20191106T191523,Lima,8.789037925170002e-5,2019-10-31T17:12:17Z
20191101T183439_20191107T210908,Lima,5.5721035737413446e-5,2019-11-01T18:34:39Z
20191102T181532_20191108T205557,Lima,6.553451188899152e-5,2019-11-02T18:15:32Z
20191103T175624_20191109T204816,Lima,4.47116021890032e-5,2019-11-03T17:56:24Z
20191104T173717_20191110T201420,Lima,9.062114273108926e-5,2019-11-04T17:37:17Z
20191105T171809_20191111T194324,Lima,7.200999685957815e-5,2019-11-05T17:18:09Z
20191106T184032_20191112T214725,Lima,6.175166486277593e-5,2019-11-06T18:40:32Z
20191107T182124_20191113T212019,Lima,7.80897045481629e-5,2019-11-07T18:21:24Z
20191108T180217_20191114T203828,Lima,8.222500647984659e-5,2019-11-08T18:02:17Z
20191109T174310_20191115T195942,Lima,7.971435806520901e-5,2019-11-09T17:43:10Z
20191110T172403_20191116T192642,Lima,5.01001692795826e-5,2019-11-10T17:24:03Z
20191111T170457_20191117T191232,Lima,1.796534980029518e-5,2019-11-11T17:04:57Z
20191112T182719_20191118T210713,Lima,5.693504067178877e-5,2019-11-12T18:27:19Z
20191113T180813_20191119T210210,Lima,6.693252549900033e-5,2019-11-13T18:08:13Z
20191114T174906_20191120T202047,Lima,1.1215167639857488e-4,2019-11-14T17:49:06Z
20191115T173000_20191121T200112,Lima,9.529020012580864e-5,2019-11-15T17:30:00Z
20191116T171053_20191122T192440,Lima,5.032819069197e-5,2019-11-16T17:10:53Z
20191117T183317_20191123T211957,Lima,2.9005337088479597e-5,2019-11-17T18:33:17Z
20191118T181411_20191124T204323,Lima,7.185015247578915e-5,2019-11-18T18:14:11Z
20191119T175505_20191125T202304,Lima,1.038586819705952e-4,2019-11-19T17:55:05Z
20191120T173559_20191126T195801,Lima,9.71421661805294e-5,2019-11-20T17:35:59Z
20191121T171653_20191129T151304,Lima,8.942014826378589e-5,2019-11-21T17:16:53Z
20191122T183917_20191128T211700,Lima,5.533192622925972e-5,2019-11-22T18:39:17Z
20191123T182011_20191130T002615,Lima,8.233673952681403e-5,2019-11-23T18:20:11Z
20191124T180106_20191130T202650,Lima,4.7461672788936106e-5,2019-11-24T18:01:06Z
20191125T174200_20191201T201757,Lima,6.783858301325976e-5,2019-11-25T17:42:00Z
20191126T172255_20191202T194646,Lima,7.427738386854575e-5,2019-11-26T17:22:55Z
20191127T170350_20191203T192456,Lima,4.941414450698476e-5,2019-11-27T17:03:50Z
20191128T182615_20191204T212836,Lima,5.098624789042181e-5,2019-11-28T18:26:15Z
20191129T180710_20191205T203804,Lima,7.017502406007905e-5,2019-11-29T18:07:10Z
20191130T174805_20191206T203339,Lima,7.714422370606868e-5,2019-11-30T17:48:05Z
20191201T172901_20191207T202117,Lima,4.969839773345777e-5,2019-12-01T17:29:01Z
20191202T170956_20191208T193504,Lima,8.886628057124916e-5,2019-12-02T17:09:56Z
NA,NA,NA,2019-12-03T12:00:00Z
20191204T181318_20191211T162604,Lima,5.273294165197624e-5,2019-12-04T18:13:18Z
20191205T175413_20191211T163527,Lima,5.71714144032118e-5,2019-12-05T17:54:13Z
20191206T173510_20191212T103620,Lima,4.549432990992426e-5,2019-12-06T17:35:10Z
20191207T171606_20191213T111758,Lima,3.1817950148706794e-5,2019-12-07T17:16:06Z
20191208T183832_20191213T204844,Lima,1.978182448208575e-5,2019-12-08T18:38:32Z
20191209T181928_20191214T112753,Lima,5.365080328946265e-5,2019-12-09T18:19:28Z
20191210T180025_20191214T205541,Lima,7.990690638684594e-5,2019-12-10T18:00:25Z
20191211T174122_20191215T182706,Lima,5.4026587993132226e-5,2019-12-11T17:41:22Z
NA,NA,NA,2019-12-12T12:00:00Z
20191213T170316_20191217T201729,Lima,5.461460489474127e-5,2019-12-13T17:03:16Z
20191214T182543_20191218T121006,Lima,5.165408402144359e-5,2019-12-14T18:25:43Z
20191215T180640_20191219T123013,Lima,5.54243820573651e-5,2019-12-15T18:06:40Z
20191216T174738_20191219T212645,Lima,6.004090400188093e-5,2019-12-16T17:47:38Z
20191217T172835_20191220T070914,Lima,7.472756946380721e-5,2019-12-17T17:28:35Z
20191218T170933_20191220T163257,Lima,6.197120268452297e-5,2019-12-18T17:09:33Z
20191219T183201_20191221T130446,Lima,5.097085686661895e-5,2019-12-19T18:32:01Z
20191220T181259_20191222T104935,Lima,1.9567912841938694e-5,2019-12-20T18:12:59Z
20191221T175357_20191223T102850,Lima,6.554824168487336e-5,2019-12-21T17:53:57Z
20191222T173455_20191224T095921,Lima,4.233246277018333e-5,2019-12-22T17:34:55Z
NA,NA,NA,2019-12-23T12:00:00Z
20191224T183822_20191226T114352,Lima,3.181170700575699e-5,2019-12-24T18:38:22Z
20191225T181921_20191227T111052,Lima,2.9866153336767798e-5,2019-12-25T18:19:21Z
20191226T180020_20191228T110334,Lima,5.571511054511484e-5,2019-12-26T18:00:20Z
20191227T174119_20191229T102227,Lima,7.293787845323974e-5,2019-12-27T17:41:19Z
20191228T172218_20191230T095729,Lima,7.349658560859654e-5,2019-12-28T17:22:18Z
20191229T170318_20191231T092243,Lima,3.0125970483686483e-5,2019-12-29T17:03:18Z
20191230T182547_20200101T113029,Lima,4.260122158721683e-5,2019-12-30T18:25:47Z
20191231T180646_20200102T112434,Lima,4.773883698424603e-5,2019-12-31T18:06:46Z
20200101T174746_20200103T104405,Lima,1.920888152651227e-5,2020-01-01T17:47:46Z
NA,NA,NA,2020-01-02T12:00:00Z
20200103T170946_20200105T100506,Lima,3.3458160555358915e-5,2020-01-03T17:09:46Z
20200104T183216_20200106T112510,Lima,2.3622221615040997e-5,2020-01-04T18:32:16Z
20200105T181316_20200107T114003,Lima,2.5221649943966734e-5,2020-01-05T18:13:16Z
20200106T175417_20200108T110759,Lima,5.3536285419390525e-5,2020-01-06T17:54:17Z
20200107T173517_20200109T103930,Lima,5.746890189188415e-5,2020-01-07T17:35:17Z
20200108T171618_20200110T101713,Lima,2.8257722480226782e-5,2020-01-08T17:16:18Z
20200109T183848_20200111T113339,Lima,3.65723599550535e-5,2020-01-09T18:38:48Z
20200110T181949_20200122T121120,Lima,5.156559297878868e-5,2020-01-10T18:19:49Z
20200111T180050_20200114T194400,Lima,7.218793461256528e-5,2020-01-11T18:00:50Z
20200112T174151_20200116T012412,Lima,3.93073233726462e-5,2020-01-12T17:41:51Z
20200113T172253_20200117T050523,Lima,3.678845346709159e-5,2020-01-13T17:22:53Z
20200114T170354_20200118T041654,Lima,5.65272631757514e-5,2020-01-14T17:03:54Z
20200115T182625_20200119T081645,Lima,3.7763231903229005e-5,2020-01-15T18:26:25Z
20200116T180727_20200120T071529,Lima,5.795173673454443e-5,2020-01-16T18:07:27Z
20200117T174829_20200121T105945,Lima,6.654376625695896e-5,2020-01-17T17:48:29Z
20200118T172930_20200122T143617,Lima,4.111323975522217e-5,2020-01-18T17:29:30Z
20200119T171032_20200124T144811,Lima,3.515462847802568e-5,2020-01-19T17:10:32Z
20200120T183304_20200125T040200,Lima,2.7371326787673344e-5,2020-01-20T18:33:04Z
NA,NA,NA,2020-01-21T12:00:00Z
NA,NA,NA,2020-01-22T12:00:00Z
NA,NA,NA,2020-01-23T12:00:00Z
20200124T171713_20200128T114929,Lima,5.39199585451104e-5,2020-01-24T17:17:13Z
20200125T183946_20200128T233310,Lima,3.483623486921145e-5,2020-01-25T18:39:46Z
20200126T182049_20200129T233524,Lima,2.0686960851890035e-5,2020-01-26T18:20:49Z
20200127T180151_20200130T233327,Lima,7.298046967449546e-5,2020-01-27T18:01:51Z
NA,NA,NA,2020-01-28T12:00:00Z
20200129T172357_20200201T222816,Lima,3.920961701129399e-5,2020-01-29T17:23:57Z
20200130T170500_20200203T094539,Lima,3.296353556726807e-5,2020-01-30T17:05:00Z
20200131T182733_20200203T234843,Lima,4.558266713814522e-5,2020-01-31T18:27:33Z
20200201T180837_20200204T232112,Lima,6.495427523347927e-5,2020-02-01T18:08:37Z
20200202T174940_20200205T230238,Lima,4.7260187466390195e-5,2020-02-02T17:49:40Z
NA,NA,NA,2020-02-03T12:00:00Z
20200204T171147_20200207T215543,Lima,2.887554639665008e-5,2020-02-04T17:11:47Z
20200205T183420_20200208T233421,Lima,3.584533599061329e-5,2020-02-05T18:34:20Z
20200206T181524_20200209T231040,Lima,4.4322264849233e-5,2020-02-06T18:15:24Z
20200207T175628_20200210T225058,Lima,6.333037544863563e-5,2020-02-07T17:56:28Z
20200208T173731_20200211T223643,Lima,6.962564002894682e-5,2020-02-08T17:37:31Z
20200209T171835_20200212T222951,Lima,2.7125238210792633e-5,2020-02-09T17:18:35Z
20200210T184109_20200213T232551,Lima,1.977842689918319e-5,2020-02-10T18:41:09Z
20200211T182213_20200214T232531,Lima,3.846616504082363e-5,2020-02-11T18:22:13Z
20200212T180317_20200215T225357,Lima,1.0628160838155962e-4,2020-02-12T18:03:17Z
20200213T174421_20200216T224402,Lima,2.9538974322726853e-5,2020-02-13T17:44:21Z
20200214T172526_20200217T223044,Lima,5.591879750036837e-5,2020-02-14T17:25:26Z
20200215T170630_20200218T215019,Lima,5.7413949462967965e-5,2020-02-15T17:06:30Z
20200216T182904_20200219T234417,Lima,2.9535131078887806e-5,2020-02-16T18:29:04Z
20200217T181009_20200220T231818,Lima,4.4372065496038255e-5,2020-02-17T18:10:09Z
20200218T175113_20200221T224710,Lima,4.0062035684406565e-5,2020-02-18T17:51:13Z
20200219T173218_20200222T223145,Lima,7.492783616436023e-5,2020-02-19T17:32:18Z
20200220T171322_20200223T215621,Lima,4.79306213918903e-5,2020-02-20T17:13:22Z
NA,NA,NA,2020-02-21T12:00:00Z
NA,NA,NA,2020-02-22T12:00:00Z
20200223T175806_20200226T230926,Lima,2.461910233406699e-5,2020-02-23T17:58:06Z
20200224T173911_20200227T224940,Lima,5.36340193459841e-5,2020-02-24T17:39:11Z
20200225T172016_20200228T223257,Lima,4.6326527114509644e-5,2020-02-25T17:20:16Z
20200226T184251_20200229T235717,Lima,1.5409726221427298e-5,2020-02-26T18:42:51Z
20200227T182356_20200301T235951,Lima,1.642967999289478e-5,2020-02-27T18:23:56Z
NA,NA,NA,2020-02-28T12:00:00Z
NA,NA,NA,2020-02-29T12:00:00Z
NA,NA,NA,2020-03-01T12:00:00Z
NA,NA,NA,2020-03-02T12:00:00Z
NA,NA,NA,2020-03-03T12:00:00Z
20200304T181156_20200307T225840,Lima,6.024091690775567e-5,2020-03-04T18:11:56Z
20200305T175301_20200308T225231,Lima,8.04590281034306e-5,2020-03-05T17:53:01Z
20200306T173406_20200309T222816,Lima,3.3282206920971254e-5,2020-03-06T17:34:06Z
20200307T171511_20200312T101729,Lima,4.561519103515406e-5,2020-03-07T17:15:11Z
20200308T183746_20200312T103707,Lima,3.723269150989869e-5,2020-03-08T18:37:46Z
20200309T181851_20200312T232710,Lima,5.2292509703215764e-5,2020-03-09T18:18:51Z
NA,NA,NA,2020-03-10T12:00:00Z
20200311T174102_20200314T223056,Lima,7.265908522441545e-5,2020-03-11T17:41:02Z
20200312T172207_20200315T221452,Lima,3.4811274608740365e-5,2020-03-12T17:22:07Z
20200313T184443_20200316T230737,Lima,3.503704001237544e-5,2020-03-13T18:44:43Z
20200314T182548_20200317T230806,Lima,5.200063270278956e-5,2020-03-14T18:25:48Z
20200315T180653_20200318T225827,Lima,2.9451083275363618e-5,2020-03-15T18:06:53Z
NA,NA,NA,2020-03-16T12:00:00Z
NA,NA,NA,2020-03-17T12:00:00Z
20200318T171009_20200320T114233,Lima,1.877626057316386e-5,2020-03-18T17:10:09Z
20200319T183244_20200321T121055,Lima,1.9473160882561787e-5,2020-03-19T18:32:44Z
20200320T181349_20200322T110359,Lima,1.9884833264466854e-5,2020-03-20T18:13:49Z
20200321T175455_20200323T104751,Lima,2.2708101145205564e-5,2020-03-21T17:54:55Z
20200322T173600_20200324T101521,Lima,1.6827370845383173e-5,2020-03-22T17:36:00Z
NA,NA,NA,2020-03-23T12:00:00Z
20200324T183941_20200326T111226,Lima,1.8703817886071766e-5,2020-03-24T18:39:41Z
20200325T182046_20200327T110333,Lima,1.789194218785017e-5,2020-03-25T18:20:46Z
20200326T180151_20200328T103625,Lima,2.6276688836978875e-5,2020-03-26T18:01:51Z
20200327T174256_20200329T101715,Lima,2.318405571648447e-5,2020-03-27T17:42:56Z
20200328T172401_20200330T100855,Lima,2.1239605944318882e-5,2020-03-28T17:24:01Z
20200329T184637_20200331T114058,Lima,1.3627125712760856e-5,2020-03-29T18:46:37Z
20200330T182742_20200401T105847,Lima,2.7209165295678817e-5,2020-03-30T18:27:42Z
20200331T180847_20200402T104655,Lima,3.0652355260472594e-5,2020-03-31T18:08:47Z
20200401T174952_20200403T102954,Lima,3.287852814490673e-5,2020-04-01T17:49:52Z
20200402T173057_20200414T185151,Lima,2.713362673116497e-5,2020-04-02T17:30:57Z
20200403T171201_20200415T002747,Lima,3.2714526783203205e-5,2020-04-03T17:12:01Z
20200404T183437_20200406T112144,Lima,2.1377633548508088e-5,2020-04-04T18:34:37Z
20200405T181542_20200407T113035,Lima,1.662086896325815e-5,2020-04-05T18:15:42Z
20200406T175646_20200408T152239,Lima,2.5785914995702844e-5,2020-04-06T17:56:46Z
20200407T173751_20200409T101110,Lima,2.7757486393733607e-5,2020-04-07T17:37:51Z
20200408T171856_20200410T101428,Lima,1.4817520335008198e-5,2020-04-08T17:18:56Z
20200409T184131_20200411T113703,Lima,1.284774453203295e-5,2020-04-09T18:41:31Z
20200410T182236_20200412T113207,Lima,1.2868890808764357e-5,2020-04-10T18:22:36Z
20200411T180340_20200413T111102,Lima,8.718585799289307e-6,2020-04-11T18:03:40Z
20200412T174445_20200414T104747,Lima,1.2272494324131584e-5,2020-04-12T17:44:45Z
20200413T172549_20200415T124618,Lima,2.1051028629503938e-5,2020-04-13T17:25:49Z
20200414T184824_20200416T115000,Lima,1.5549647327537096e-5,2020-04-14T18:48:24Z
20200415T182928_20200417T113628,Lima,1.8099188678714858e-5,2020-04-15T18:29:28Z
20200416T181033_20200418T104934,Lima,2.2949872731798474e-5,2020-04-16T18:10:33Z
20200417T175137_20200419T104658,Lima,2.655890341743293e-5,2020-04-17T17:51:37Z
20200418T173241_20200420T103400,Lima,2.6603817576616436e-5,2020-04-18T17:32:41Z
20200419T171345_20200421T095345,Lima,1.1606490201078162e-5,2020-04-19T17:13:45Z
20200420T183620_20200422T112856,Lima,2.4947385047203893e-5,2020-04-20T18:36:20Z
20200421T181724_20200423T110827,Lima,2.7713191202288496e-5,2020-04-21T18:17:24Z
20200422T175828_20200424T105401,Lima,2.7382514091034194e-5,2020-04-22T17:58:28Z
20200423T173931_20200425T103722,Lima,2.6910674005452377e-5,2020-04-23T17:39:31Z
20200424T172035_20200426T131425,Lima,2.494010911087111e-5,2020-04-24T17:20:35Z
20200425T184309_20200427T111332,Lima,2.7224693483414162e-5,2020-04-25T18:43:09Z
20200426T182413_20200428T104945,Lima,1.277977354895408e-5,2020-04-26T18:24:13Z
20200427T180516_20200429T104322,Lima,3.1853968830838846e-5,2020-04-27T18:05:16Z
20200428T174620_20200430T104210,Lima,3.8001263937708885e-5,2020-04-28T17:46:20Z
20200429T172723_20200501T100054,Lima,3.27616290963065e-5,2020-04-29T17:27:23Z
20200430T184957_20200502T112232,Lima,2.694315705784486e-5,2020-04-30T18:49:57Z
20200501T183100_20200503T112036,Lima,2.6626621675620314e-5,2020-05-01T18:31:00Z
20200502T181203_20200504T105538,Lima,3.8024242086774415e-5,2020-05-02T18:12:03Z
20200503T175306_20200505T104402,Lima,2.0561353022642387e-5,2020-05-03T17:53:06Z
NA,NA,NA,2020-05-04T12:00:00Z
NA,NA,NA,2020-05-05T12:00:00Z
20200506T183744_20200508T111613,Lima,4.3373205432363184e-5,2020-05-06T18:37:44Z
NA,NA,NA,2020-05-07T12:00:00Z
20200508T175950_20200511T120553,Lima,3.538344544759428e-5,2020-05-08T17:59:50Z
20200509T174052_20200512T103320,Lima,3.363126642569259e-5,2020-05-09T17:40:52Z
20200510T172154_20200512T224427,Lima,1.5224481307775748e-5,2020-05-10T17:21:54Z
20200511T184427_20200513T114039,Lima,2.070996673276513e-5,2020-05-11T18:44:27Z
20200512T182529_20200514T115416,Lima,2.72766445756486e-5,2020-05-12T18:25:29Z
20200513T180631_20200515T105537,Lima,3.0278462036987548e-5,2020-05-13T18:06:31Z
20200514T174733_20200516T103408,Lima,5.022281186399643e-5,2020-05-14T17:47:33Z
20200515T172835_20200517T102157,Lima,4.740673118728995e-5,2020-05-15T17:28:35Z
20200516T185107_20200518T114140,Lima,2.8424708641467732e-5,2020-05-16T18:51:07Z
20200517T183208_20200519T112355,Lima,1.3525874998412949e-5,2020-05-17T18:32:08Z
20200518T181310_20200520T111451,Lima,5.52763584003201e-5,2020-05-18T18:13:10Z
20200519T175411_20200521T103719,Lima,5.2860654882937855e-5,2020-05-19T17:54:11Z
20200520T173512_20200522T102003,Lima,6.306569129286104e-5,2020-05-20T17:35:12Z
20200521T171613_20200523T100250,Lima,4.180132758011408e-5,2020-05-21T17:16:13Z
20200522T183844_20200524T112428,Lima,4.2968685440917884e-5,2020-05-22T18:38:44Z
20200523T181945_20200525T110053,Lima,4.6218094397724104e-5,2020-05-23T18:19:45Z
20200524T180046_20200526T104417,Lima,2.2325087584063314e-5,2020-05-24T18:00:46Z
20200525T174147_20200527T105840,Lima,7.284656219535285e-5,2020-05-25T17:41:47Z
20200526T172248_20200528T102852,Lima,6.151929057939237e-5,2020-05-26T17:22:48Z
20200527T184518_20200529T115600,Lima,5.6488734656018696e-5,2020-05-27T18:45:18Z
20200528T182618_20200530T111443,Lima,4.766378133870281e-5,2020-05-28T18:26:18Z
20200529T180719_20200531T110944,Lima,5.986071100962144e-5,2020-05-29T18:07:19Z
20200530T174819_20200601T105256,Lima,5.830140410094555e-5,2020-05-30T17:48:19Z
20200531T172919_20200602T102252,Lima,1.842473559489091e-5,2020-05-31T17:29:19Z
20200601T185148_20200603T115230,Lima,4.506363661730362e-5,2020-06-01T18:51:48Z
20200602T183248_20200604T113520,Lima,6.309805566693319e-5,2020-06-02T18:32:48Z
20200603T181348_20200605T110827,Lima,4.398508976880916e-5,2020-06-03T18:13:48Z
20200604T175447_20200606T104512,Lima,8.452049635799199e-5,2020-06-04T17:54:47Z
20200605T173547_20200607T101041,Lima,6.347441739475597e-5,2020-06-05T17:35:47Z
20200606T171646_20200608T095422,Lima,6.54635884786896e-5,2020-06-06T17:16:46Z
20200607T183915_20200609T113416,Lima,2.0672715222636807e-5,2020-06-07T18:39:15Z
20200608T182014_20200610T105932,Lima,8.944426586070542e-5,2020-06-08T18:20:14Z
20200609T180113_20200611T104020,Lima,4.220755192347354e-5,2020-06-09T18:01:13Z
20200610T174212_20200612T102632,Lima,7.169163602385419e-5,2020-06-10T17:42:12Z
20200611T172311_20200613T101143,Lima,6.313272686438967e-5,2020-06-11T17:23:11Z
20200612T184539_20200614T113848,Lima,6.324115872097923e-5,2020-06-12T18:45:39Z
20200613T182637_20200615T112912,Lima,7.821606343897919e-5,2020-06-13T18:26:37Z
20200614T180736_20200616T111509,Lima,3.302438292650536e-5,2020-06-14T18:07:36Z
20200615T174834_20200617T101640,Lima,7.271350508022301e-5,2020-06-15T17:48:34Z
20200616T172932_20200618T095233,Lima,8.390690467135761e-5,2020-06-16T17:29:32Z
20200617T185200_20200619T112149,Lima,5.416207644767166e-5,2020-06-17T18:52:00Z
20200618T183258_20200620T110610,Lima,5.2994067586782946e-5,2020-06-18T18:32:58Z
20200619T181355_20200621T105059,Lima,9.901222848046455e-5,2020-06-19T18:13:55Z
20200620T175453_20200622T102422,Lima,8.841083165026133e-5,2020-06-20T17:54:53Z
20200621T173551_20200623T101154,Lima,2.755092810630571e-5,2020-06-21T17:35:51Z
20200622T171648_20200624T094936,Lima,3.556833951182143e-5,2020-06-22T17:16:48Z
20200623T183915_20200625T112613,Lima,7.649291709697272e-5,2020-06-23T18:39:15Z
20200624T182012_20200626T112531,Lima,8.548824955353766e-5,2020-06-24T18:20:12Z
20200625T180109_20200627T104613,Lima,9.555424378923415e-5,2020-06-25T18:01:09Z
20200626T174206_20200628T101942,Lima,1.176626118963389e-4,2020-06-26T17:42:06Z
20200627T172303_20200629T100827,Lima,8.945109594238603e-5,2020-06-27T17:23:03Z
20200628T184529_20200630T114144,Lima,2.2836062895027602e-5,2020-06-28T18:45:29Z
20200629T182626_20200701T111018,Lima,5.7431892532921465e-5,2020-06-29T18:26:26Z
20200630T180722_20200702T104657,Lima,7.668167957883185e-5,2020-06-30T18:07:22Z
20200701T174819_20200703T102138,Lima,1.1516354850091725e-4,2020-07-01T17:48:19Z
20200702T172915_20200704T100400,Lima,8.004179500295077e-5,2020-07-02T17:29:15Z
20200703T185141_20200714T113437,Lima,7.25345494527083e-5,2020-07-03T18:51:41Z
20200704T183237_20200706T111735,Lima,9.591412644820323e-5,2020-07-04T18:32:37Z
20200705T181333_20200707T105304,Lima,5.5621520035944464e-5,2020-07-05T18:13:33Z
20200706T175429_20200708T103721,Lima,8.468084623559346e-5,2020-07-06T17:54:29Z
20200707T173525_20200709T101123,Lima,7.025886362861315e-5,2020-07-07T17:35:25Z
20200708T171620_20200710T094923,Lima,5.556094411206981e-5,2020-07-08T17:16:20Z
20200709T183846_20200711T113020,Lima,8.871657467662462e-5,2020-07-09T18:38:46Z
20200710T181941_20200712T110150,Lima,9.557656753231931e-5,2020-07-10T18:19:41Z
20200711T180036_20200713T105203,Lima,1.0752729990168915e-4,2020-07-11T18:00:36Z
20200712T174132_20200715T054722,Lima,6.340331827885736e-5,2020-07-12T17:41:32Z
20200713T172227_20200721T113428,Lima,9.382720719523307e-5,2020-07-13T17:22:27Z
20200714T184452_20200722T085036,Lima,8.046205817226197e-5,2020-07-14T18:44:52Z
20200715T182546_20200723T021635,Lima,1.0165114046729446e-4,2020-07-15T18:25:46Z
20200716T180641_20200918T101006,Lima,8.2279714585448e-5,2020-07-16T18:06:41Z
20200717T174736_20200724T131659,Lima,1.4081463010494542e-4,2020-07-17T17:47:36Z
20200718T172831_20200725T115616,Lima,1.0042767990754305e-4,2020-07-18T17:28:31Z
20200719T185055_20200726T113527,Lima,4.880966045975177e-5,2020-07-19T18:50:55Z
20200720T183150_20200727T202401,Lima,9.019130119618554e-5,2020-07-20T18:31:50Z
20200721T181244_20200728T120028,Lima,1.3103318276042723e-4,2020-07-21T18:12:44Z
NA,NA,NA,2020-07-22T12:00:00Z
20200723T173433_20200730T073404,Lima,0.00012630014193691094,2020-07-23T17:34:33Z
20200724T171527_20200730T233435,Lima,9.08622397394569e-5,2020-07-24T17:15:27Z
20200725T183750_20200731T164917,Lima,9.144136563009457e-5,2020-07-25T18:37:50Z
20200726T181844_20200801T102706,Lima,6.35375552625274e-5,2020-07-26T18:18:44Z
20200727T175938_20200802T081133,Lima,8.297941489226347e-5,2020-07-27T17:59:38Z
20200728T174032_20200803T001833,Lima,9.068377568103931e-5,2020-07-28T17:40:32Z
20200729T172126_20200803T171259,Lima,8.72069260153231e-5,2020-07-29T17:21:26Z
20200730T184349_20200804T102934,Lima,7.548500605659162e-5,2020-07-30T18:43:49Z
20200731T182443_20200805T093125,Lima,7.78763114012389e-5,2020-07-31T18:24:43Z
20200801T180536_20200806T215025,Lima,9.840324194112555e-5,2020-08-01T18:05:36Z
20200802T174630_20200807T141747,Lima,6.838069461606853e-5,2020-08-02T17:46:30Z
20200803T172723_20200808T120026,Lima,7.764611890660472e-5,2020-08-03T17:27:23Z
20200804T184946_20200809T073949,Lima,7.587822217167913e-5,2020-08-04T18:49:46Z
20200805T183039_20200809T233642,Lima,7.908521843816376e-5,2020-08-05T18:30:39Z
20200806T181132_20200810T163026,Lima,1.1627741915377774e-4,2020-08-06T18:11:32Z
20200807T175225_20200811T094604,Lima,1.1738218929467987e-4,2020-08-07T17:52:25Z
20200808T173318_20200812T075442,Lima,9.805451511395872e-5,2020-08-08T17:33:18Z
20200809T171411_20200812T233122,Lima,4.3917362202346335e-5,2020-08-09T17:14:11Z
20200810T183634_20200813T192032,Lima,7.220612822648628e-5,2020-08-10T18:36:34Z
20200811T181726_20200814T115118,Lima,1.0074142873833886e-4,2020-08-11T18:17:26Z
20200812T175819_20200815T120340,Lima,1.1622526173233573e-4,2020-08-12T17:58:19Z
20200813T173912_20200816T121041,Lima,1.0934790334847947e-4,2020-08-13T17:39:12Z
20200814T172004_20200817T083447,Lima,9.925365701957098e-5,2020-08-14T17:20:04Z
20200815T184226_20200818T112241,Lima,7.460384082897671e-5,2020-08-15T18:42:26Z
20200816T182319_20200819T091425,Lima,2.483560099774451e-5,2020-08-16T18:23:19Z
20200817T180411_20200820T082848,Lima,8.849906225493296e-5,2020-08-17T18:04:11Z
20200818T174504_20200821T105305,Lima,1.1174425328653627e-4,2020-08-18T17:45:04Z
20200819T172556_20200822T082258,Lima,8.778225678845432e-5,2020-08-19T17:25:56Z
20200820T184818_20200823T020126,Lima,6.170140438760695e-5,2020-08-20T18:48:18Z
20200821T182910_20200823T192503,Lima,7.391084967518134e-5,2020-08-21T18:29:10Z
20200822T181002_20200824T125748,Lima,1.0865589231121166e-4,2020-08-22T18:10:02Z
20200823T175054_20200825T111752,Lima,3.369900928142564e-5,2020-08-23T17:50:54Z
20200824T173146_20200826T103750,Lima,7.399617606494275e-5,2020-08-24T17:31:46Z
20200825T171238_20200827T101131,Lima,6.64196512613062e-5,2020-08-25T17:12:38Z
NA,NA,NA,2020-08-26T12:00:00Z
20200827T181552_20200829T113522,Lima,8.932581133168456e-5,2020-08-27T18:15:52Z
20200828T175645_20200830T110712,Lima,1.3064265691013462e-4,2020-08-28T17:56:45Z
20200829T173738_20200831T105651,Lima,7.89614665749083e-5,2020-08-29T17:37:38Z
20200830T171830_20200901T102048,Lima,1.3421192729150321e-5,2020-08-30T17:18:30Z
20200831T184052_20200902T120740,Lima,5.829391817732246e-5,2020-08-31T18:40:52Z
20200901T182145_20200903T113937,Lima,6.295197340060848e-5,2020-09-01T18:21:45Z
20200902T180237_20200904T111220,Lima,7.993081620564073e-5,2020-09-02T18:02:37Z
20200903T174330_20200905T105136,Lima,6.674370957717239e-5,2020-09-03T17:43:30Z
20200904T172422_20200906T104527,Lima,8.16695010996244e-5,2020-09-04T17:24:22Z
20200905T184644_20200907T115655,Lima,8.028134493010101e-5,2020-09-05T18:46:44Z
20200906T182736_20200908T113214,Lima,2.6060141451255376e-5,2020-09-06T18:27:36Z
20200907T180828_20200909T110552,Lima,8.244028294280297e-5,2020-09-07T18:08:28Z
20200908T174920_20200910T135734,Lima,1.0495957860835125e-4,2020-09-08T17:49:20Z
20200909T173012_20200911T100826,Lima,1.150364317564026e-4,2020-09-09T17:30:12Z
20200910T171105_20200912T095815,Lima,8.489825602732133e-5,2020-09-10T17:11:05Z
20200911T183326_20200913T120041,Lima,7.557925349300336e-5,2020-09-11T18:33:26Z
20200912T181418_20200914T112637,Lima,8.728731652373895e-5,2020-09-12T18:14:18Z
20200913T175510_20200915T110857,Lima,3.3674392206901474e-5,2020-09-13T17:55:10Z
20200914T173602_20200916T101344,Lima,9.181038902672502e-5,2020-09-14T17:36:02Z
20200915T171654_20200917T095754,Lima,9.596943489855508e-5,2020-09-15T17:16:54Z
20200916T183915_20200918T120141,Lima,6.737334622426175e-5,2020-09-16T18:39:15Z
20200917T182007_20200919T113835,Lima,8.47050323671528e-5,2020-09-17T18:20:07Z
20200918T180059_20200920T112840,Lima,1.0565348014240408e-4,2020-09-18T18:00:59Z
20200919T174151_20200921T104647,Lima,8.822076075252051e-5,2020-09-19T17:41:51Z
NA,NA,NA,2020-09-20T12:00:00Z
20200921T184504_20200923T120834,Lima,5.3738537664161314e-5,2020-09-21T18:45:04Z
20200922T182555_20200924T120703,Lima,6.652863473999156e-5,2020-09-22T18:25:55Z
20200923T180647_20200925T111838,Lima,9.076056617990312e-5,2020-09-23T18:06:47Z
20200924T174739_20200926T104125,Lima,8.28700775023619e-5,2020-09-24T17:47:39Z
NA,NA,NA,2020-09-25T12:00:00Z
20200926T170922_20200928T100806,Lima,6.668434420053816e-5,2020-09-26T17:09:22Z
20200927T183143_20200929T120550,Lima,3.4960410593002974e-5,2020-09-27T18:31:43Z
20200928T181235_20200930T114100,Lima,6.727399282828801e-5,2020-09-28T18:12:35Z
20200929T175326_20201001T110155,Lima,1.0588737795401677e-4,2020-09-29T17:53:26Z
NA,NA,NA,2020-09-30T12:00:00Z
20201001T171509_20201003T102822,Lima,8.383585455476488e-5,2020-10-01T17:15:09Z
NA,NA,NA,2020-10-02T12:00:00Z
20201003T181822_20201005T111933,Lima,6.238888944746318e-5,2020-10-03T18:18:22Z
20201004T175913_20201006T105930,Lima,3.5444166837116626e-5,2020-10-04T17:59:13Z
20201005T174005_20201007T104310,Lima,6.357008750433413e-5,2020-10-05T17:40:05Z
20201006T172057_20201008T101606,Lima,8.748409953066173e-5,2020-10-06T17:20:57Z
20201007T184318_20201009T122429,Lima,6.580937056929608e-5,2020-10-07T18:43:18Z
20201008T182409_20201010T114142,Lima,6.212657941245873e-5,2020-10-08T18:24:09Z
20201009T180501_20201011T112813,Lima,1.0231212885002558e-4,2020-10-09T18:05:01Z
20201010T174553_20201012T110327,Lima,1.0060928086260867e-4,2020-10-10T17:45:53Z
20201011T172644_20201013T103320,Lima,3.725611215326564e-5,2020-10-11T17:26:44Z
NA,NA,NA,2020-10-12T12:00:00Z
20201013T182957_20201015T115934,Lima,6.309034430667065e-5,2020-10-13T18:29:57Z
20201014T181049_20201016T111456,Lima,7.150799544100047e-5,2020-10-14T18:10:49Z
20201015T175141_20201017T111018,Lima,7.735979500869886e-5,2020-10-15T17:51:41Z
20201016T173233_20201018T104353,Lima,9.474187568094405e-5,2020-10-16T17:32:33Z
20201017T171324_20201019T102506,Lima,6.402419044219456e-5,2020-10-17T17:13:24Z
20201018T183546_20201020T115253,Lima,3.283715694505244e-5,2020-10-18T18:35:46Z
20201019T181637_20201021T112745,Lima,7.713656871945815e-5,2020-10-19T18:16:37Z
20201020T175729_20201022T110437,Lima,7.057500814010604e-5,2020-10-20T17:57:29Z
20201021T173821_20201023T105136,Lima,8.201268484581694e-5,2020-10-21T17:38:21Z
NA,NA,NA,2020-10-22T12:00:00Z
20201023T184135_20201025T120859,Lima,6.024978811909903e-5,2020-10-23T18:41:35Z
20201024T182227_20201026T115401,Lima,5.4406374260342295e-5,2020-10-24T18:22:27Z
20201025T180319_20201027T113509,Lima,3.817184365511659e-5,2020-10-25T18:03:19Z
20201026T174411_20201028T110114,Lima,7.404702861201505e-5,2020-10-26T17:44:11Z
20201027T172503_20201029T101938,Lima,6.598181198173401e-5,2020-10-27T17:25:03Z
20201028T170555_20201030T100127,Lima,5.363031963071289e-5,2020-10-28T17:05:55Z
20201029T182817_20201031T121200,Lima,5.50578343537289e-5,2020-10-29T18:28:17Z
20201030T180909_20201101T120019,Lima,8.250429794643328e-5,2020-10-30T18:09:09Z
20201031T175002_20201102T111030,Lima,5.5392226357533446e-5,2020-10-31T17:50:02Z
20201101T173054_20201103T103514,Lima,4.4613977028249213e-005,2020-11-01T17:30:54Z
20201102T171147_20201104T101046,Lima,6.195040045704669e-5,2020-11-02T17:11:47Z
20201103T183409_20201105T114822,Lima,5.175268271626309e-5,2020-11-03T18:34:09Z
20201104T181501_20201106T111943,Lima,8.864657714565526e-5,2020-11-04T18:15:01Z
20201105T175554_20201107T110929,Lima,1.0068282717643418e-4,2020-11-05T17:55:54Z
20201106T173647_20201108T104704,Lima,1.0234309890559981e-4,2020-11-06T17:36:47Z
20201107T171740_20201109T102259,Lima,6.75406451165257e-5,2020-11-07T17:17:40Z
20201108T184002_20201110T120641,Lima,2.3919578438189853e-5,2020-11-08T18:40:02Z
20201109T182055_20201111T115223,Lima,6.216961885303973e-5,2020-11-09T18:20:55Z
20201110T180149_20201112T113702,Lima,8.667099707674086e-5,2020-11-10T18:01:49Z
20201111T174242_20201113T110617,Lima,1.301387654945531e-4,2020-11-11T17:42:42Z
20201112T172335_20201114T102714,Lima,8.32113045618713e-5,2020-11-12T17:23:35Z
20201113T170429_20201115T101119,Lima,6.267626682944307e-5,2020-11-13T17:04:29Z
20201114T182652_20201116T114132,Lima,5.3744343911780746e-5,2020-11-14T18:26:52Z
20201115T180745_20201117T113032,Lima,3.613030687313492e-5,2020-11-15T18:07:45Z
20201116T174839_20201118T124421,Lima,7.773223565825706e-5,2020-11-16T17:48:39Z
20201117T172933_20201120T100100,Lima,7.4856540932341e-5,2020-11-17T17:29:33Z
20201118T171027_20201120T102104,Lima,6.805379576832113e-5,2020-11-18T17:10:27Z
20201119T183251_20201121T120602,Lima,4.538721407652645e-5,2020-11-19T18:32:51Z
NA,NA,NA,2020-11-20T12:00:00Z
20201121T175439_20201123T110834,Lima,8.443555432542539e-5,2020-11-21T17:54:39Z
20201122T173534_20201124T104356,Lima,4.2932973951226636e-5,2020-11-22T17:35:34Z
20201123T171628_20201125T102207,Lima,8.922039213399281e-5,2020-11-23T17:16:28Z
20201124T183852_20201126T121914,Lima,5.2164519127721507e-5,2020-11-24T18:38:52Z
20201125T181947_20201127T120318,Lima,5.7839106826106635e-5,2020-11-25T18:19:47Z
20201126T180042_20201128T113643,Lima,7.799263899079495e-5,2020-11-26T18:00:42Z
20201127T174137_20201129T110259,Lima,5.8684753835780015e-5,2020-11-27T17:41:37Z
20201128T172232_20201130T104004,Lima,8.044456430584613e-5,2020-11-28T17:22:32Z
NA,NA,NA,2020-11-29T12:00:00Z
20201130T182553_20201203T100829,Lima,5.308305156799915e-5,2020-11-30T18:25:53Z
